"자전거번호","대여일시","대여 대여소번호","대여 대여소명","대여거치대","반납일시","반납대여소번호","반납대여소명","반납거치대","이용시간(분)","이용거리(M)","생년","성별","이용자종류","대여대여소ID","반납대여소ID"
"SPB-58380","2026-06-01 00:01:33","01291","서울체육고등학교 앞","0","2026-06-01 00:01:42","01291","서울체육고등학교 앞","0","0","0.00","2007","F","내국인","ST-1580","ST-1580"
"SPB-43895","2026-06-01 00:01:49","03813","낙성대역 5번출구","0","2026-06-01 00:02:07","03813","낙성대역 5번출구","0","0","0.00","2001","M","내국인","ST-2872","ST-2872"
"SPB-63448","2026-06-01 00:01:36","00393","동대문역 8번 출구","0","2026-06-01 00:02:54","00393","동대문역 8번 출구","0","1","0.00","","","내국인","ST-1372","ST-1372"
"SPB-49013","2026-06-01 00:00:35","00103","망원역 2번출구 앞","0","2026-06-01 00:03:04","00103","망원역 2번출구 앞","0","2","0.00","2003","F","내국인","ST-5","ST-5"
"SPB-52532","2026-06-01 00:00:27","04880","송파청소년센터","0","2026-06-01 00:03:13","04887","호돌이상가","0","2","461.64","1997","M","내국인","ST-2957","ST-2987"
"SPB-39792","2026-06-01 00:01:12","00537","한양대후문역 부근","0","2026-06-01 00:03:18","03558","마장동 금호어울림APT앞","0","2","381.11","2000","","내국인","ST-249","ST-2340"
"SPB-71904","2026-06-01 00:01:13","02911","상계역중앙시장","0","2026-06-01 00:04:03","01667","중계중학교","0","2","506.04","2002","M","내국인","ST-2077","ST-1284"
"SPB-72872","2026-06-01 00:03:13","00394","경희궁 자이 3단지","0","2026-06-01 00:04:06","00394","경희궁 자이 3단지","0","0","0.20","1998","","내국인","ST-1373","ST-1373"
"SPB-62065","2026-06-01 00:01:25","05858","영등포역5번출구","0","2026-06-01 00:04:18","05865","더리브오피스텔 앞","0","2","690.00","2000","","내국인","ST-3142","ST-3204"
"SPB-34211","2026-06-01 00:00:35","00263","근로자회관 사거리","0","2026-06-01 00:04:32","00275","신동아아파트","0","3","669.21","2008","M","내국인","ST-417","ST-1320"
"SPB-58332","2026-06-01 00:03:44","00939","은평구청 교차로","0","2026-06-01 00:04:41","00939","은평구청 교차로","0","0","0.00","1993","","내국인","ST-1025","ST-1025"
"SPB-73692","2026-06-01 00:02:19","03656","둔촌푸르지오아파트","0","2026-06-01 00:04:44","04953","세양청마루아파트 앞","0","2","352.71","2003","F","내국인","ST-2747","ST-3248"
"SPB-48759","2026-06-01 00:04:23","00342","대학로 마로니에공원","0","2026-06-01 00:04:46","00342","대학로 마로니에공원","0","0","0.00","2005","M","내국인","ST-158","ST-158"
"SPB-64205","2026-06-01 00:04:11","00473","을지로4가역 9번출구","0","2026-06-01 00:04:47","00473","을지로4가역 9번출구","0","0","0.00","2004","M","내국인","ST-1779","ST-1779"
"SPB-57109","2026-06-01 00:00:20","02136","신림역 8번출구","0","2026-06-01 00:04:59","02109","은천로입구 가로공원","0","4","640.00","2000","M","내국인","ST-976","ST-882"
"SPB-59932","2026-06-01 00:01:19","00706","신정네거리역","0","2026-06-01 00:05:34","04518","청기와빌딩","0","4","720.00","2004","M","내국인","ST-313","ST-2768"
"SPB-58715","2026-06-01 00:02:29","01611","과기대 입구(우)","0","2026-06-01 00:05:42","02915","서울과학기술대학교(어학교육원)","0","3","486.85","2002","M","내국인","ST-604","ST-2081"
"SPB-52410","2026-06-01 00:00:20","02091","이수역9번출구","0","2026-06-01 00:05:48","02034","사당역 7번출구쪽","0","5","868.71","1992","M","내국인","ST-2364","ST-924"
"SPB-65598","2026-06-01 00:04:37","05057","마곡역4번출구","0","2026-06-01 00:05:49","02730","마곡메가박스 앞","0","1","176.29","2006","M","내국인","ST-2886","ST-2047"
